company_name,url,snippet,social_links,content_length,scrape_method,success
1. Boom Supersonic,https://boomsupersonic.com,Develops supersonic commercial aircraft aiming to make high-speed air travel mainstream[3].,,1423,requests,Yes
2. Hotel Engine,https://www.hotelengine.com,"Provides a hotel booking platform tailored for business travel, offering discounted rates and streamlined management[3].",,11942,requests,Yes
3. Sunday,https://getsunday.com,Offers lawn care products and services using data and science to simplify lawn maintenance for homeowners[3].,,3231,playwright,Yes
4. Forge Nano,https://www.forgenano.com,"Specializes in advanced materials and nanotechnology, providing atomic layer deposition solutions for various industries[3].",,5844,requests,Yes
5. Inspirato,https://www.inspirato.com,"Luxury travel subscription service offering access to exclusive vacation homes, hotels, and experiences[3].",,4232,requests,Yes
6. Blackpoint Cyber,https://www.blackpointcyber.com,Cybersecurity company delivering managed detection and response services to protect organizations from cyber threats[3].,,5874,requests,Yes
8. Biodesix,https://www.biodesix.com,"Provides diagnostic solutions for lung disease, including blood-based tests for cancer and other conditions[3].",,1758,requests,Yes
9. Crusoe Energy,https://www.crusoeenergy.com,"Uses excess natural gas to power modular data centers, reducing flaring and supporting sustainable computing[3].",,31977,requests,Yes
10. Peregrine Energy Solutions,https://www.peregrineenergysolutions.com,Develops and operates clean energy storage projects to support renewable energy integration[3].,,8613,requests,Yes
"2. Solid Power, Inc.",https://www.solidpowerbattery.com,"Develops all-solid-state rechargeable batteries for electric vehicles and mobile power markets, aiming for safer, higher-energy batteries[5][1].",,4522,requests,Yes
3. Cleerly,https://www.cleerlyhealth.com,"Uses AI and advanced imaging to enable personalized precision heart health diagnostics and care, focusing on cardiovascular disease prevention and management[5][1].",,2512,requests,Yes
"4. Project Canary, PBC",https://www.projectcanary.com,"Provides environmental data and emissions monitoring solutions for the energy industry, helping companies meet ESG goals and regulatory requirements[5][1].",,14461,requests,Yes
5. Fetch,https://www.fetch.com,"Operates a mobile app for on-demand delivery from local businesses, offering multi-stop concierge delivery services for a wide range of products[5][1].",,1120,requests,Yes
6. AidKit,https://www.aidkit.com,"Builds software to help organizations deliver aid efficiently and with dignity, specializing in direct cash assistance and benefits distribution[5][1].","facebook: https://www.facebook.com/watch/live/?ref=watch_permalink&v=795365885809160, linkedin: https://www.linkedin.com/company/aidkit/",18650,requests,Yes
7. Travertine,https://www.travertine.tech,"Focuses on clean energy and carbon removal technologies, developing scalable solutions for industrial decarbonization[5][1].",,7453,requests,Yes
8. Nexo Therapeutics,https://www.nexotx.com,"Biotech company developing targeted therapies for cancer and other serious diseases, leveraging advanced drug discovery platforms[5][1].",,3445,requests,Yes
9. Proof Technology,https://www.proofserve.com,"Provides a nationwide platform for legal service of process, offering transparency and verification for legal document delivery[5][1].",,3460,requests,Yes
10. Quadratic,https://www.quadratic.to,"Develops collaborative data tools and spreadsheet software for teams, enabling real-time data analysis and workflow automation[5][1].",,2614,requests,Yes
1. JumpCloud,https://jumpcloud.com,"Provides a cloud directory platform for secure identity, access, and device management for organizations, enabling IT teams to manage user authentication and security across devices and applications[5",,6338,requests,Yes
2. BillGO,https://billgo.com,"Offers a real-time bill payments platform designed to modernize bill payments for financial institutions, fintechs, and consumers, improving speed and transparency[3].","twitter: https://twitter.com/BillGOPayments, linkedin: https://www.linkedin.com/company/billgopayments",6777,requests,Yes
3. Arryved,https://www.arryved.com,"Delivers a point-of-sale and guest experience platform tailored for craft beverage and hospitality businesses, streamlining operations and customer engagement[1].",,5791,requests,Yes
4. Guild Education,https://www.guild.com,"Partners with employers to provide education benefits and upskilling opportunities for employees, helping companies attract and retain talent while advancing workforce education[1].",,4018,requests,Yes
5. SonderMind,https://sondermind.com,"Connects individuals with licensed therapists and mental health professionals, offering accessible and personalized mental health care solutions[1].","facebook: https://www.facebook.com/SonderMind/, instagram: https://www.instagram.com/sondermind/, linkedin: https://www.linkedin.com/company/sondermind/, youtube: https://www.youtube.com/channel/UCSKDPvHeP-30S21iPnQ9Oxw",6008,requests,Yes
6. DispatchHealth,https://www.dispatchhealth.com,"Provides in-home medical care, delivering urgent and acute healthcare services directly to patients’ homes to reduce ER visits and improve outcomes[1].",,4896,requests,Yes
7. Sana Benefits,https://www.sanabenefits.com,"Offers affordable health insurance plans for small and medium-sized businesses, leveraging technology to simplify benefits administration and lower costs[1].",,3105,requests,Yes
8. StackHawk,https://www.stackhawk.com,"Delivers automated application security testing for developers, enabling teams to find and fix security vulnerabilities in code before deployment[1].",,5051,requests,Yes
9. Outrider,https://outrider.ai,"Develops autonomous yard operations technology for logistics hubs, automating the movement of trailers and containers to improve efficiency and safety[1].",,1320,requests,Yes
10. Redaptive,https://redaptive.com,"Provides energy-as-a-service solutions, helping organizations implement energy efficiency and renewable energy projects with no upfront capital expenditure[1].",,4967,requests,Yes
Pax8,https://www.pax8.com,"Pax8 is a cloud commerce marketplace simplifying the buying, selling, and managing of cloud solutions for managed service providers. John Street is the founder and CEO[5].",,2981,requests,Yes
Everside Health,https://www.eversidehealth.com,Everside Health offers direct primary care and onsite/near-site health clinics for employers. Acquired Marathon Health in 2024. Dan Caruso is a board member; founder details are public via Endeavor Co,,2823,requests,Yes
TIFIN,https://www.tifin.com,TIFIN is a fintech platform using AI to personalize investor experiences. Founded by Vinay Nair[5].,"instagram: https://www.instagram.com/tifinfintech/, twitter: https://twitter.com/tifinfintech, linkedin: https://www.linkedin.com/company/tifin",3131,requests,Yes
Four Points Funding,https://fourpointsfunding.com,Four Points Funding is a venture capital firm investing in rural Colorado startups. Stephanie Copeland is a managing partner[5].,,2556,requests,Yes
Caruso Ventures,https://carusoventures.com,Caruso Ventures is a private investment firm focused on tech and high-growth companies. Founded by Dan Caruso[5].,"twitter: https://getfreshx.com/, linkedin: https://www.linkedin.com/in/kylieheatherdoherty/",7734,requests,Yes
Zayo Group,https://www.zayo.com,Zayo Group provides fiber infrastructure and bandwidth connectivity solutions. Sandi Lewis is a board member; Dan Caruso is a co-founder[5].,,5514,requests,Yes
Liberty Global,https://www.libertyglobal.com,Liberty Global is a multinational telecommunications company. Mike Fries is CEO and board member[5].,,5781,requests,Yes
DaVita,https://www.davita.com,DaVita is a healthcare company specializing in kidney care and dialysis services. Kent Thiry is the former CEO and board member[5].,,2315,requests,Yes
Flock Safety,https://www.flocksafety.com,"Develops security technology, including license plate reading cameras, to help communities and law enforcement reduce crime[3].","instagram: https://www.instagram.com/flocksafety/, youtube: https://youtube.com/@FlockSafety, linkedin: https://www.linkedin.com/company/flock-safety/, facebook: https://www.facebook.com/flocksafety, twitter: https://twitter.com/Flock_Safety",20898,requests,Yes
Techstars,https://www.techstars.com,"Global platform for investment and innovation, providing accelerator programs and funding for startups[3].","linkedin: https://www.linkedin.com/company/techstars/, instagram: https://www.instagram.com/techstars/, twitter: https://twitter.com/techstars, facebook: https://www.facebook.com/techstars, youtube: https://www.youtube.com/user/techstarstv",3914,requests,Yes
1. Atom Computing,https://atom-computing.com,"Develops scalable quantum computers using neutral atoms, with headquarters in Boulder, Colorado. Atom Computing has raised significant venture capital and is a leading deep tech startup in quantum tec","facebook: https://www.facebook.com/atomcomputing/, twitter: https://twitter.com/atom_computing?lang=en, linkedin: https://www.linkedin.com/company/atom-computing, youtube: https://www.youtube.com/channel/UCN9UBkmEs7aIGfFPrYFd9ZQ",6861,requests,Yes
2. Ampersand,https://www.ampersand.energy,"Provides AI-driven energy management solutions for commercial buildings, leveraging advanced data science and IoT. Founded in 2021 in Colorado, Ampersand has secured venture funding for its deep tech ",,2471,requests,Yes
3. Vitro3D,https://vitro3d.com,"Specializes in volumetric 3D printing technology for medical and industrial applications. Founded in 2020 in Boulder, Vitro3D has received venture capital and is recognized for its innovative deep tec",,1884,requests,Yes
4. LightDeck Diagnostics,https://www.lightdeckdx.com,"Develops rapid, multiplexed diagnostic platforms using advanced photonics and microfluidics. Based in Boulder and founded in 2020, LightDeck has raised venture capital for its deep tech healthcare sol",,277,requests,No
5. Airion Health,https://airionhealth.com,"Focuses on advanced air purification technologies using novel engineering and materials science. Founded in 2021 in Colorado, Airion Health has attracted venture capital for its deep tech innovations ",,0,requests,No
6. Point Designs,https://pointdesigns.com,"Designs and manufactures prosthetic devices using advanced materials and additive manufacturing. Founded in 2020 in Colorado, Point Designs has secured venture capital and is a deep tech leader in med",,266,playwright,Yes
7. MycoTechnology,https://mycoiq.com,"Develops novel food ingredients using mushroom mycelium fermentation, applying deep tech in biotechnology. While the company was founded earlier, it has launched new deep tech ventures and received ad",,3644,requests,Yes
9. Mosaic Materials (Colorado Office),https://mosaicmaterials.com,Develops advanced materials for carbon capture using metal-organic frameworks. Mosaic Materials has expanded operations and secured new VC funding for deep tech development in Colorado since 2020[2][1,,5887,requests,Yes
10. Vartega,https://vartega.com,"Specializes in advanced recycling technologies for carbon fiber and composite materials. Founded in Colorado, Vartega has raised venture capital and is recognized for its deep tech approach to sustain",,3584,requests,Yes
1. Enveda Biosciences,https://envedabio.com,"Biotechnology company using AI and metabolomics to discover new medicines from natural products; raised Series B ($55M, 2024) and Series C ($130M, 2024)[3].",,1496,requests,Yes
2. Iontra,https://iontra.com,"DeepTech company developing advanced battery charging and management technology; raised Series C ($45M, 2024)[3].",,11692,requests,Yes
3. Lunar Outpost,https://lunaroutpost.com,"Robotics and space technology company building autonomous systems for harsh environments, including lunar and planetary exploration; raised Series A (2024)[3].",,1246,requests,Yes
4. Brightwave,https://brightwave.io,"AI-powered platform for automating and optimizing business processes; raised Series A ($15M, 2024)[3].","linkedin: https://www.linkedin.com/company/brightwave-io/about/, twitter: https://x.com/brightwaveio",8912,requests,Yes
6. Foresight Diagnostics,https://foresight-dx.com,"Biotechnology company specializing in ultra-sensitive cancer detection and monitoring using advanced genomics; raised Series B ($33M, 2024)[3].",twitter: https://foresight-dx.com/resources/,5638,requests,Yes
7. Todyl,https://todyl.com,"Cybersecurity platform offering secure access, endpoint security, and compliance solutions; raised Series B ($50M, 2024)[4].",,4116,requests,Yes
8. Defense Unicorns,https://defenseunicorns.com,"Provides open source software delivery and AI solutions for government agencies; raised Series A ($35M, 2024)[4].",,10793,requests,Yes
9. Maybell Quantum,https://maybellquantum.com,Quantum computing hardware company developing cryogenic and quantum control systems; raised Series A (2024)[4].,,6358,requests,Yes
10. Vescent,https://vescent.com,Advanced photonics and quantum technology company specializing in laser and optical systems for quantum computing and sensing; raised Series B (2024)[4].,,1529,requests,Yes
Cloverleaf AI,https://www.cloverleaf.ai,Provides AI-powered media monitoring and intelligence solutions for organizations; recently raised seed funding and expanding quickly[1].,,5647,requests,Yes
Think Bioscience,https://thinkbioscience.com,Biotech startup leveraging synthetic biology and AI to develop new drug discovery platforms; recently raised seed funding[1].,,1660,playwright,Yes
Fulfilld,https://fulfilld.io,AI-powered warehouse management platform optimizing logistics and supply chain operations; seed funded and expanding[1].,,0,requests,No
LongPath Technologies,https://longpathtech.com,Cleantech company using advanced sensing and analytics (including AI) to detect and reduce methane emissions; significant VC backing[1].,,0,requests,No
Precog Data,https://www.precog.com,Provides AI-driven data integration and analytics solutions for enterprises; recently funded and scaling in Colorado[1].,,2222,requests,Yes
1. Swimlane,https://www.swimlane.com,Cybersecurity automation platform founded by technical expert Cody Cornell; helps organizations automate and orchestrate security operations[1].,youtube: https://www.youtube.com/embed/gP9eOg3tU-U?si=W7XTV8Su31pxTJmA,15320,requests,Yes
2. RemoteLock,https://www.remotelock.com,Provides cloud-based software to control Wi-Fi locks for property managers and enterprises; founded by technical entrepreneur Nolan Mondrow[1].,,6385,requests,Yes
3. Ibotta,https://www.ibotta.com,"Mobile rewards platform for cash back on purchases; founded by Bryan Leach, a former attorney turned technical founder[3].",,3959,requests,Yes
4. Havenly,https://www.havenly.com,"Online interior design service leveraging software for personalized design; founded by Lee Mayer, a technical founder with a background in product and engineering[3].","facebook: https://www.facebook.com/TheHavenly, twitter: https://twitter.com/theHavenly, instagram: https://www.instagram.com/theHavenly",11039,requests,Yes
6. Agilent Technologies,https://www.agilent.com,Provides hardware and software solutions for analytical laboratories; technical founding roots in scientific instrumentation[12].,,10575,requests,Yes
7. Wajusoft,https://www.wajusoft.com,Software development company focused on early-stage startups and technical consulting; founded by software engineers[16].,"linkedin: https://www.linkedin.com/company/wajusoft, instagram: https://www.instagram.com/wajusoft/, facebook: https://web.facebook.com/wajusoft/?_rdc=1&_rdr, twitter: https://twitter.com/wajusoft",11871,requests,Yes
8. NexusTek,https://www.nexustek.com,"Managed IT services provider specializing in cloud, cybersecurity, and enterprise software; founded by technical professionals[8].",,3550,requests,Yes
9. Matchstick Ventures,https://www.matchstickventures.com,"Early-stage venture firm investing in technical founders, co-founded by Natty Zola, a former startup CTO[3].",,17763,requests,Yes
10. Range Ventures,https://www.range.vc,"Denver-based venture capital firm supporting technical founders in software and hardware startups; co-founded by Chris Erickson, a technical entrepreneur[3].",,8254,requests,Yes
1. Raptt,https://raptt.com,"Cloud computing startup based in Denver, offering cloud infrastructure solutions; received recent seed funding[3].",,0,requests,No
2. Fluint,https://fluint.io,AI-powered sales collaboration platform helping teams close deals faster; recently raised $2.4M in seed funding[3].,,13145,requests,Yes
3. BlueSuit,https://bluesuit.com,Real estate technology company providing AI-driven lease abstraction and data solutions; received $2.38M in seed funding and is backed by Techstars[11].,,0,requests,No
4. Buderflys,https://buderflys.com,Audio technology startup developing innovative earbuds designed for comfort and sound quality; recently funded at the seed stage[11].,"facebook: https://www.facebook.com/buderflys.earbuds/, twitter: https://twitter.com/buderflys, instagram: https://www.instagram.com/buderflys.earbuds/, linkedin: https://www.linkedin.com/company/buderflys-technologies-inc/",16229,requests,Yes
5. Elenas,https://elenas.com,Social commerce platform enabling individuals in Latin America to sell products through social networks; Colorado-based and recently raised seed funding[9].,,649,requests,Yes
6. DMC Biotechnologies,https://dmcbiotechnologies.com,Biotechnology company developing scalable fermentation-based production of chemicals; Colorado-based and recently funded[9].,,0,requests,No
7. Bond Pet Foods,https://www.bondpets.com,Biotechnology startup creating animal-free pet food proteins using cellular agriculture; received seed funding in the last five years[9].,"instagram: https://www.instagram.com/reel/Cq8EfGpKJEW/, facebook: https://www.facebook.com/bondpetfoods, twitter: https://twitter.com/bondpetfoods, linkedin: https://www.linkedin.com/company/bondpetfoods",7594,requests,Yes
9. Left Hand Robotics,https://lefthandrobotics.com,Robotics company developing autonomous outdoor robots for snow removal and lawn mowing; recently received seed funding[9].,,0,playwright,Yes
10. Flashback Technologies,https://flashbacktechnologies.com,Medical device company developing AI-powered emergency care solutions; Colorado-based and raised seed funding in the last five years[9].,,0,requests,No
Nextworld,https://www.nextworld.com/,"Nextworld is an information technology company focused on digital transformation and enterprise software solutions, serving clients across various industries.",,30,requests,No
Parsyl,https://www.parsyl.com/,"Parsyl provides real-time supply chain visibility and data analytics for life sciences and logistics, helping companies monitor and protect temperature-sensitive products.",,3696,requests,Yes
H3X Technologies,https://www.h3x.tech/,H3X Technologies is advancing manufacturing through innovative electric propulsion and power systems for aerospace and defense applications.,"linkedin: https://www.linkedin.com/company/h3x-technologies/, twitter: https://x.com/h3x_tech",6965,requests,Yes
Growlink,https://www.growlink.com/,"Growlink offers smart irrigation and automation solutions for agriculture, helping growers optimize water use and crop yields.",,5858,requests,Yes
Peak Energy,https://www.peakenergy.com/,"Peak Energy is an energy company focused on developing and deploying clean energy solutions, including solar and storage technologies.",linkedin: https://www.linkedin.com/feed/update/urn:li:activity:7317986544961675264/,37132,requests,Yes
Cast,https://www.cast.com/,Cast is a financial services startup providing innovative payment and transaction solutions for businesses and consumers.,,0,requests,No
Credit Pulse,https://www.creditpulse.com/,Credit Pulse offers data-driven credit risk analytics and decisioning tools for lenders and financial institutions.,,3503,requests,Yes
1. Prins AI,https://prins.ai,"Develops deep learning technology for digital identity training platforms, enabling creation of digital human identities for video content; raised $100M Series B in October 2023[5].",,1401,requests,Yes
2. AgentSync,https://agentsync.io,"Provides infrastructure and compliance management solutions for insurance carriers, agencies, and MGAs; raised $50M Series B in October 2023[5][13].",,2675,requests,Yes
4. Splash Sports,https://splashsports.com,"Operates a platform for fantasy sports and gaming, enabling users to create and manage sports contests; raised Series B funding in October 2025[1].",,17118,requests,Yes
6. Beemmunity,https://beemmunity.com,Develops solutions to protect bees from pesticides using ingestible micro-particles; raised Series B funding[13].,,970,playwright,Yes
9. Ursa Major Technologies,https://www.ursamajortechnologies.com,Designs and manufactures rocket propulsion systems for space launch and hypersonics; raised Series C funding[17].,,1845,requests,Yes
10. AOA Dx,https://aoadx.com,"Develops cancer diagnostics, focusing on early detection of ovarian cancer; raised Series B funding in 2023[5].",twitter: https://aoadx.com/careers-opportunities/,5374,requests,Yes
3. Pie Insurance,https://pieinsurance.com,"**Insurtech startup** providing workers’ compensation insurance for small businesses, using data-driven pricing. Denver-based, recently raised a large Series D[9][13].",,1754,requests,Yes
6. Uplight,https://uplight.com,"**Energy management and customer engagement solutions** for utilities, helping reduce energy consumption and improve grid efficiency. Boulder-based, recently funded for product expansion[9][12].",,14094,requests,Yes
8. Otter Products,https://otterproducts.com,"**Consumer electronics accessories company** known for OtterBox cases, expanding into new product lines. Fort Collins-based, recently received growth investment[9].",linkedin: https://www.linkedin.com/company/otterproducts/,5438,requests,Yes
9. Wurk,https://enjoywurk.com,"**HR and payroll platform for the cannabis industry**, offering compliance and workforce management tools. Denver-based, recently funded for national rollout[13].",,8777,requests,Yes
10. Stream,https://getstream.io,"**API platform for chat and activity feeds**, powering messaging in apps and websites. Boulder-based, recently raised funding to expand developer tools[12].",,6510,requests,Yes
2. Wunder,https://www.wundercapital.com,"Fintech/clean energy platform enabling investment in solar projects; founded by Bryan Birsic, Sam Beaudin, and Dave Riess, with investors including Techstars and Fenway Summer Ventures[5][7][13].",,7814,requests,Yes
3. Sweater Ventures,https://www.sweaterventures.com,"Fintech startup offering a venture capital fund accessible to everyone; founded by Chad Lewkowski, Jesse Randall, and Matthew Klein, with investors such as Motivate Venture Capital and Kickstart Fund[",linkedin: https://www.linkedin.com/company/sweaterventures/,5476,requests,Yes
5. Tetra Insights,https://www.tetrainsights.com,"Platform for enterprise user research and insights; founded by Michael Bamberger, with investors such as Techstars and Access Venture Partners[5].",,5513,playwright,Yes
6. Kickfurther,https://www.kickfurther.com,"Crowdfinancing platform for inventory funding; founded by Sean De Clercq, with investors including Techstars and Foundry Group[5][7].",,16316,requests,Yes
7. Misty Robotics,https://www.mistyrobotics.com,"Robotics company developing personal robots; founded by Ian Bernstein, with investors including Venrock and Foundry Group[5].",,3097,requests,Yes
8. Brandzooka,https://www.brandzooka.com,"Self-serve digital advertising platform; founded by Aquiles La Grave, with investors such as Boulder Ventures and Baseline Ventures[5].","facebook: https://www.facebook.com/Brandzooka/, twitter: https://twitter.com/brandzooka, linkedin: https://www.linkedin.com/company/brandzooka/, crunchbase: https://www.crunchbase.com/organization/brandzooka#/entity",3985,requests,Yes
9. Front Range Biosciences,https://www.frontrangebio.com,"Agricultural biotech company focused on cannabis and hemp; founded by Nick Hofmeister, Christopher Zalewski, and Jonathan Vaught, with investors including Welcan Capital and Salveo Capital[5].",,0,requests,No
1. MagicSchool AI,https://www.magicschool.ai,"AI-powered educational technology startup founded in 2023, building tools to enhance teaching and learning with artificial intelligence[3][7].","facebook: https://www.facebook.com/magicschoolai/, instagram: https://www.instagram.com/magicschoolai/, twitter: https://x.com/magicschoolai, youtube: https://www.youtube.com/@magicschoolai, linkedin: https://www.linkedin.com/company/magicschool-ai/",4332,requests,Yes
2. Scholarly Software,https://www.scholarlysoftware.com,"Founded in 2020, this company develops AI and machine learning solutions for the food, wellness, and healthcare industries, with $6M in seed funding[3].",,13604,requests,Yes
5. Revnt,https://www.revnt.com,"Founded in 2020, Revnt offers a platform for educators and businesses to monetize video-based educational content via subscriptions; raised $400K pre-seed funding[9].",,0,requests,No
6. Burstverse AI,https://www.burstverse.ai,"Founded in 2022, Burstverse AI automates DeFi and CeFi operations through a unified AI interface, focusing on financial technology innovation[7].",,0,requests,No
7. Mevi,https://www.mevi.io,"Digital real estate platform founded in 2020, streamlining transactions for agents, buyers, and sellers with seamless digital tools; VC-backed[7].",,3097,requests,Yes
8. Testimonial IQ,https://www.testimonialiq.com,"AI-powered platform founded in 2021 that helps businesses collect, manage, and showcase customer testimonials to boost credibility and sales[3].",,1779,requests,Yes
9. Acesis,https://www.acesis.com,"Healthtech startup founded in 2020, leveraging AI and software to improve healthcare workflows and patient outcomes; seed funded[3].",,2459,requests,Yes
10. Culinary Creative Group,https://www.culinarycreativegroup.com,"Founded in 2021, this tech-enabled hospitality group uses data and software to optimize restaurant operations and guest experiences; VC-backed[3].",,0,requests,No
1. HYVV,https://hyvv.com,"AI-powered operating system for launching startups, providing tools for business planning, marketing, legal, and hiring, all in one platform. Founded in 2022 and based in Fort Collins[4].",,86,playwright,Yes
2. Shadower,https://shadower.com,"Online platform connecting amateurs with experts for real-life shadowing experiences, aiming to reimagine education through hands-on learning and networking. Founded in 2019 in Fort Collins[4].",,75,playwright,Yes
3. Fintary,https://fintary.com,Automates insurance commission and financial operations for insurance companies; recently closed a $10M Series A funding round to expand its platform[9].,,14662,requests,Yes
4. Madwire,https://www.madwire.com,Provides an all-in-one marketing technology platform for businesses to optimize campaigns and streamline operations. Headquartered in Fort Collins and recognized for rapid growth and innovation[10].,,1462,requests,Yes
5. Numerica Corporation,https://www.numerica.us,"Specializes in defense technology, offering advanced solutions in air and missile defense, space domain awareness, and data analytics. Based in Fort Collins[10].",,2025,playwright,Yes
6. FarmFusion,https://www.farmfusion.com,"Focuses on sustainable agriculture technology, providing solutions to optimize farming operations and improve crop yields. Based in Fort Collins[10].",,0,requests,No
7. Encompass Technologies,https://encompasstech.com,"Cloud-based ERP software provider for the beverage distribution industry, offering solutions for inventory, sales, and logistics. Headquartered in Fort Collins[4].",,151,playwright,Yes
8. SummitStone Health Partners,https://www.summitstonehealth.org,"Behavioral health startup delivering mental health and addiction recovery services, using innovative care models. Based in Fort Collins[4].",youtube: https://www.youtube.com/@summitstonehealthpartners/shorts,4614,requests,Yes
10. KLOwen Braces,https://klowenbraces.com,Dental technology startup developing custom 3D-printed orthodontic solutions to improve patient outcomes and treatment efficiency. Based in Fort Collins and a top-funded local startup[14].,,120,playwright,Yes
Quantum Metric,https://www.quantummetric.com,"Provides a digital experience analytics platform for enterprises; founded by technical founder Mario Ciabarra, raised $200M in VC funding, and is Colorado Springs’ first unicorn[5].",,5119,requests,Yes
Bluestaq,https://www.bluestaq.com,"Develops advanced software systems for government and commercial clients, specializing in data management and integration; recognized as an emerging tech startup in Colorado Springs[6].",,7977,requests,Yes
FoodMaven,https://www.foodmaven.com,Operates a tech-enabled food distribution platform focused on reducing food waste; has raised substantial funding and is among the most funded startups in Colorado Springs[14].,,2578,requests,Yes
Altia,https://www.altia.com,"Provides graphical user interface (GUI) development tools for embedded systems, founded by engineers and backed by investors; serves automotive and medical device industries[4].",,2528,requests,Yes
BurstIQ,https://www.burstiq.com,"Offers blockchain-based data solutions for healthcare, enabling secure data exchange and analytics; founded by technologists and has received investor funding[4].",,12470,requests,Yes
Salt Athletic,https://saltathletic.com,"Develops smart athletic gear and wearable technology, attracting investor attention and founded by a technical team[3].",,3128,requests,Yes
Infinite 8 Industries,https://infinite8industries.com,"Focuses on AI and digital transformation solutions, recognized for technological innovation and investor interest in Colorado Springs[3].",,11649,requests,Yes
HyFrontier Technologies,https://hyfrontier.com,"Specializes in proprietary hydrogen-based agricultural technology, founded by technical experts and has received investment[9].",,0,requests,No
8Bit-Corp LLC,https://8bit-corp.com,"Provides technology solutions for small businesses, founded by technologists and active in the Colorado Springs startup ecosystem[9].",,5917,requests,Yes
AMP Robotics,https://www.amprobotics.com,"Robotics and AI company based in Longmont, specializing in intelligent recycling systems using computer vision and machine learning, with multiple funding rounds and rapid scaling[8].",,1488,requests,Yes
UAVenture,https://www.uaventure.com,"Longmont-based startup providing advanced drone software and hardware solutions for commercial and industrial applications, with recent funding and rapid expansion[8].","facebook: https://www.facebook.com/uaventure/, youtube: https://www.youtube.com/channel/UCJHIvRupATydiQwWLdVjlBA/videos, linkedin: https://www.linkedin.com/company/10629753",4769,requests,Yes
Surna,https://www.surna.com,"Climate control technology company in Longmont serving the indoor agriculture industry, known for innovative solutions and recent growth through funding[8].","facebook: https://www.facebook.com/surna, instagram: https://www.instagram.com/surnacultivationtech/, linkedin: https://www.linkedin.com/company/surna-cultivation-technologies/, twitter: https://twitter.com/surnaofficial, youtube: https://www.youtube.com/channel/UCGM4KwXBq4buUz6xDMcCRlw",10244,requests,Yes
Scythe Robotics,https://www.scytherobotics.com,"Robotics company with a Longmont office, developing autonomous commercial lawn mowers, backed by significant venture capital and rapid team expansion[8].","facebook: https://www.facebook.com/scytherobotics/, instagram: https://www.instagram.com/scytherobotics/, linkedin: https://www.linkedin.com/company/scythe-robotics/, twitter: #https://twitter.com/ScytheRobotics, youtube: https://www.youtube.com/c/ScytheRobotics",5215,requests,Yes
EnConnect,https://www.enconnect.io,"Energy technology startup in Longmont focused on smart grid and energy management solutions, with recent funding and fast-growing operations[8].",,0,requests,No
Foundry Group,https://www.foundry.vc,"Boulder-based venture capital firm managing over $3 billion, investing in early-stage technology, internet, and software startups, with a strong focus on innovation and community[3][11].",,3619,requests,Yes
Access Venture Partners,https://www.accessvp.com,"Denver-based VC firm investing in early-stage technology companies in Colorado and the Mountain West, with a portfolio including Inspirato, LogRhythm, and Red Canary[3][7].","linkedin: https://www.linkedin.com/company/access-venture-partners, twitter: https://twitter.com/accessvp?lang=en",2467,requests,Yes
FirstMile Ventures,https://www.firstmilevc.com,"Early-stage venture capital firm based in Colorado and Texas, partnering with founders to build transformative companies across diverse industries[3][11].",linkedin: https://www.linkedin.com/company/firstmile-ventures,3900,requests,Yes
Boulder Ventures,https://www.boulderventures.com,"Focuses on information technology and biotechnology companies, providing capital to high-growth businesses in Colorado’s Front Range and the Mid-Atlantic region[3].",,756,playwright,Yes
Greenmont Capital Partners,https://www.greenmontcapital.com,"Invests in early-stage companies in the natural products sector, particularly those aligned with health and sustainability markets[2][3][7].",linkedin: http://linkedin.com/pub/david-haynes/14/131/4b8,6171,requests,Yes
Colorado Impact Fund,https://www.coloradoimpactfund.com,Denver-based VC firm investing in high-growth Colorado companies with scalable business models and a commitment to community impact[5].,,853,requests,Yes
Factor[e] Ventures,https://www.factore.com,"Impact-focused VC firm supporting startups in energy, agriculture, mobility, and waste, with an emphasis on decarbonized solutions for emerging markets[5].",linkedin: https://www.linkedin.com/company/ampersand-energy/posts/?feedView=all,29533,requests,Yes
Innosphere Ventures,https://innosphereventures.org,Fort Collins-based accelerator and venture fund supporting science and technology startups with business support and access to capital[5].,,18410,requests,Yes
Boomtown Accelerators,https://www.boomtownaccelerators.com,"Boulder-based accelerator offering mentorship and funding to early-stage startups across various industries, helping them refine business models and prepare for growth[5].",,0,requests,No
1. AI Capital,https://aicapital.co,"Denver-based VC investing in growth-stage enterprise applied artificial intelligence software companies, focusing on digitization, supply chain, manufacturing, life sciences, and public safety[1].",,1613,requests,Yes
4. Sequel Venture Partners,https://www.sequelvc.com,"Boulder-based VC investing in early-stage, high-growth technology companies, with a focus on innovation and scalable business models[8].",,482,playwright,Yes
5. Grotech Ventures,https://www.grotech.com,"VC firm investing $500,000 to $5 million in early-stage technology companies, supporting ambitious entrepreneurs in building enduring tech businesses[4].","twitter: http://twitter.com/grotechventure, linkedin: https://www.linkedin.com/company/grotech-capital-group/about/",4875,requests,Yes
6. Service Provider Capital,https://serviceprovidercapital.com,"Colorado VC investing in early-stage, high-growth startups across IT, healthcare, fintech, and other sectors[5][15].",,1366,requests,Yes
8. Cottonwood Technology Fund,https://www.cottonwood.vc,"Deeptech-focused VC investing in early-stage, high-potential startups in advanced materials, photonics, robotics, and clean energy[16].",,14498,requests,Yes
9. Greater Colorado Venture Fund,https://greatercolorado.vc,"VC fund investing in high-growth startups and deep tech companies in rural Colorado, aiming to build sustainable communities[11].",,3718,requests,Yes
10. Ascent Deep Tech Accelerator (Venture Partners at CU Boulder),https://www.colorado.edu/venturepartners/opportunities-and-events/ascent-deep-tech-accelerator,"Accelerator supporting research teams and deep tech startups from University of Colorado campuses, helping them commercialize engineering and scientific innovations[3].","linkedin: https://www.linkedin.com/in/jianliang-xiao-03614671/, twitter: mailto:bart@eerdx.com",30166,requests,Yes
Ibex Investors,https://www.ibexinvestors.com,"A Denver venture capital firm investing in early-stage private companies, particularly in mobility and innovative sectors, with a proactive approach to portfolio company growth.",,1139,requests,Yes
Rockies Venture Fund,https://www.rockiesventurefund.com,"A Denver-based venture capital firm supporting early-stage companies in Colorado and the surrounding region, with a history of investing in diverse industries.",,945,requests,Yes
Delta-v Capital,https://www.deltavcapital.com,"A Boulder-based growth equity firm investing in leading software and internet infrastructure companies, providing flexible capital and strategic support for scaling businesses.","linkedin: https://www.linkedin.com/company/delta-v-capital, twitter: https://twitter.com/deltavcapital",6120,requests,Yes
Meritage Funds,https://www.meritagefunds.com,"Growth equity firm investing in technology-enabled services and recurring-revenue businesses, focusing on companies with $3–$20 million in annualized revenue[3].",,0,requests,No
Altira Group,https://www.altiragroup.com,"Venture capital firm specializing in technology and software companies driving enterprise digital transformation, with a strong focus on energy technology[3].",,12508,requests,Yes
Advantage Capital Partners,https://www.advantagecap.com,National investment firm with a dedicated Colorado fund supporting local startups and growing businesses[1][9].,,5094,requests,Yes
Techstars Boulder,https://www.techstars.com/accelerators/boulder,"Renowned accelerator providing mentorship and funding to early-stage startups across various industries, based in Boulder[5].",,0,requests,No
1. Opanga Networks,https://www.opanga.com,Develops advanced software solutions for mobile network optimization and performance enhancement; recently received Series D funding from Boulder Ventures[3].,,4119,requests,Yes
2. Spectrum Effect,https://www.spectrumeffect.com,Provides AI-driven network analytics for mobile operators to improve wireless network performance and efficiency; backed by Boulder Ventures[3].,"facebook: https://www.facebook.com/Spectrum-Effect-450369998421600/, linkedin: https://www.linkedin.com/company/spectrum-effect/, youtube: https://www.youtube.com/channel/UChndB3LG5svlinMknW7gz-w, instagram: https://www.instagram.com/spectrum.effect",17466,requests,Yes
3. Ambrosia Biosciences,https://www.ambrosiatherapeutics.com,"Biotechnology company focused on drug discovery and development, with operations in Boulder, Colorado; Boulder Ventures participated in its Series A funding[3].",,0,requests,No
4. Array BioPharma (acquired by Pfizer),https://www.pfizer.com/science/oncology/array-biopharma,Formerly an independent biotech company specializing in the discovery and development of targeted small molecule drugs; acquired by Pfizer for $11.8 billion[7].,,0,requests,No
5. LeftHand Networks (acquired by HP),https://www.hpe.com/us/en/storage.html,Provided storage area network (SAN) solutions; acquired by Hewlett-Packard (now HPE)[7].,,5106,requests,Yes
6. Wall Street on Demand (acquired by Goldman Sachs),https://www.goldmansachs.com,Provided financial data and analytics platforms; acquired by Goldman Sachs[7].,,6343,requests,Yes
7. Crisp,https://www.crispnow.com,"Offers a platform for real-time data sharing and collaboration, serving enterprise clients; listed as a Boulder Ventures portfolio company[2].",,2837,requests,Yes
8. DatAvail,https://www.datavail.com,"Provides managed services for databases, analytics, and cloud infrastructure, serving enterprise clients; Boulder Ventures portfolio company[2].","linkedin: https://www.linkedin.com/company/datavail/, twitter: https://twitter.com/datavail, facebook: https://www.facebook.com/datavail, youtube: https://www.youtube.com/datavail",5456,requests,Yes
9. Digital Fortress,https://www.digitalfortress.com,"Delivers data center, cloud, and managed IT services; Boulder Ventures portfolio company[2].",,0,requests,No
10. EdgeConneX,https://www.edgeconnex.com,"Specializes in edge data center solutions for cloud, content, and network service providers; Boulder Ventures portfolio company[2].",twitter: https://www.edgeconnex.com/news/press-releases/global-data-center-leader-edgeconnex-unveils-plans-for-japanese-market-entry/,2395,requests,Yes
Red Canary,https://redcanary.com,Provides cybersecurity solutions focused on managed detection and response for organizations[1][11].,,9738,playwright,Yes
Bonusly,https://bonus.ly,Employee recognition and rewards platform designed to improve workplace engagement and culture[1][11].,,6052,requests,Yes
Ascent360,https://ascent360.com,"Cloud-based customer data platform for marketers to unify, analyze, and activate customer data[1][11].",,4740,requests,Yes
CommercialTribe,https://www.commercialtribe.com,Sales readiness and coaching platform for enterprise sales teams[1].,,0,requests,No
Dapix (now known as FIO Protocol),https://fioprotocol.io,Blockchain protocol focused on usability and interoperability for digital assets[1].,"twitter: https://twitter.com/joinFIO, facebook: https://www.facebook.com/officialFIO, youtube: https://www.youtube.com/@FIOprotocol, instagram: https://www.instagram.com/join.fio/, linkedin: https://www.linkedin.com/company/fioprotocol/",5553,requests,Yes
Hyperia,https://hyperia.net,"AI-powered platform for automating meeting notes, summaries, and knowledge management[1].",,0,requests,No
Resurface Labs,https://resurface.io,API security and observability platform for monitoring and protecting API traffic[1].,,4212,requests,Yes
Nivati,https://nivati.com,"Employee mental health and wellness platform offering counseling, coaching, and wellness resources[1].",,6373,requests,Yes
RADICL Defense,https://radicl.com,Cybersecurity company providing managed detection and response services for small and midsize businesses[1].,,8682,requests,Yes
Wednesday,https://wednesday.is,Software development consultancy specializing in product engineering and digital transformation[1].,"twitter: https://twitter.com/wednesdaysol?ref_src=twsrc%5Egoogle%7Ctwcamp%5Eserp%7Ctwgr%5Eauthor, linkedin: https://in.linkedin.com/company/wednesday-solutions?original_referer=https%3A%2F%2Fwww.google.com%2F, instagram: https://www.instagram.com/wednesday.sol/?hl=en",7702,requests,Yes
FullContact,https://www.fullcontact.com,"Offers identity resolution and contact management solutions for businesses, helping them unify customer data and improve engagement. Founded by Bart Lorang.",,4328,requests,Yes
Modular Robotics,https://www.modrobotics.com,Designs and manufactures educational robot construction kits to promote STEM learning for children and educators. Founded by Eric Schweikardt.,"twitter: https://twitter.com/modrobotics, facebook: https://www.facebook.com/modrobotics, instagram: https://www.instagram.com/modrobotics/, youtube: https://www.youtube.com/modrobotics",16254,requests,Yes
Cheddar Up,https://www.cheddarup.com,"Provides a platform for groups and organizations to collect payments and information online, simplifying group management and fundraising. Founded by Nichole Montoya and Lindsay Duran.",,10990,requests,Yes
Kindara,https://www.kindara.com,Develops fertility tracking apps and devices to empower women with knowledge about their reproductive health. Founded by Will Sacks and Kati Bicknell.,,278,playwright,Yes
Ello,https://ello.co,"A social network for creators, artists, and creative communities focused on privacy and ad-free experiences. Founded by Paul Budnitz, Todd Berger, and Lucian Föhr.",,32630,requests,Yes
Sovrn,https://www.sovrn.com,Provides advertising technology and publisher solutions to help online publishers grow revenue and optimize content. Founded by Walter Knapp.,,20269,requests,Yes
Shinesty,https://www.shinesty.com,"Sells bold, themed apparel and accessories for parties, events, and holidays, known for its humorous and irreverent brand. Founded by Chris White and Jens Nicolaysen.",,2203,requests,Yes
MobileDay,https://www.mobileday.com,"Offers a mobile app that enables one-touch dialing into conference calls and online meetings, streamlining remote work communications. Founded by Brad Dupee.",,705,requests,Yes
SendGrid,https://sendgrid.com,"Provides cloud-based email delivery services for transactional and marketing emails, enabling businesses to reliably send and track emails at scale[5][9].",,7464,requests,Yes
DigitalOcean,https://www.digitalocean.com,"Offers cloud computing services and infrastructure for developers, focusing on simplicity and scalability for deploying and managing applications[5][9].","twitter: https://twitter.com/digitalocean, instagram: https://www.instagram.com/thedigitalocean/, facebook: https://www.facebook.com/DigitalOceanCloudHosting, youtube: https://www.youtube.com/DigitalOcean, linkedin: https://www.linkedin.com/company/digitalocean/",10395,requests,Yes
SalesLoft,https://salesloft.com,"Delivers a sales engagement platform that helps sales teams increase productivity, track communications, and optimize workflows[5].",,8437,requests,Yes
Veho,https://shipveho.com,"Specializes in technology-driven logistics and last-mile delivery solutions for e-commerce brands, focusing on customer experience[5].",,2922,requests,Yes
Sphero (formerly Orbotix),https://sphero.com,Designs and manufactures programmable robots and educational STEAM tools for learners of all ages[9].,,14541,requests,Yes
Next Big Sound,https://www.nextbigsound.com,"Offers analytics and insights for the music industry, tracking artist performance across social media and streaming platforms[9].",,0,requests,No
Outreach,https://www.outreach.io,Provides a sales execution platform that automates and optimizes sales communications and workflows for revenue teams[9].,,11295,requests,Yes
Bench,https://bench.co,"Delivers online bookkeeping and accounting services for small businesses, combining software with human bookkeepers[9].",,15500,requests,Yes
Cotopaxi,https://www.cotopaxi.com,"Outdoor gear and apparel company focused on sustainable products and social impact, known for colorful backpacks and adventure clothing[1][2][3][5].",,9836,requests,Yes
Bobo’s,https://eatbobos.com,"Producer of wholesome oat bars and snacks, emphasizing simple ingredients and healthy eating[1][2][3][5].",,18415,requests,Yes
The Pro’s Closet (TPC),https://www.theproscloset.com,Marketplace for buying and selling certified pre-owned bikes and cycling gear[1][2][3][9].,,21019,requests,Yes
Joyfull Bakery,https://joyfullbakery.com,"Specialty bakery known for artisan baked goods, including cheese crisps and other snacks[1][2][3].",instagram: https://www.instagram.com/p/DQmoR2kD2_A/,7117,requests,Yes
KCN Campgrounds,https://kcncampgrounds.com,"Operator and consolidator of outdoor hospitality properties, including RV campgrounds and parks[1][5].",,1417,requests,Yes
Bonafide Provisions,https://www.bonafideprovisions.com,Producer of organic bone broths and wellness foods focused on gut health and nutrition[1][3].,"instagram: https://instagram.com/bonafideprovisions, facebook: https://www.facebook.com/bonafideprovisions/",621,requests,Yes
Force of Nature,https://forceofnature.com,"Regenerative meat company offering grass-fed, ethically sourced meats[1][3].","facebook: https://www.facebook.com/forceofnaturemeats/, instagram: https://www.instagram.com/forceofnaturemeats/, youtube: https://www.youtube.com/channel/UCkH4nfYuzjZXCPuuHL-swNg, twitter: https://twitter.com/fonmeats",7178,requests,Yes
Lifeforce,https://www.mylifeforce.com,Health optimization platform providing personalized diagnostics and supplements for longevity and wellness[1][3].,,144,requests,No
Noka,https://www.nokaorganics.com,Brand offering organic superfood smoothies and snacks in convenient pouches[1][3].,,9545,requests,Yes
Solarcore,https://solarcore.io,Advanced materials company specializing in high-performance insulation technology for apparel and gear[1][3].,,912,requests,Yes
Electric Era,https://www.electriceratechnologies.com,"Develops AI-driven high-power storage systems for EV fast charging stations, enabling faster and more efficient electric vehicle charging[7].","twitter: https://twitter.com/ElectricEraTech, youtube: https://www.youtube.com/channel/UCONLPSU6kh0jyNSgTR1MAzQ, facebook: https://www.facebook.com/ElectricEraTechnologies, linkedin: https://www.linkedin.com/company/electric-era",11064,requests,Yes
King Energy,https://www.kingenergy.com,"Provides commercial-scale solar solutions for shopping centers and office buildings, helping property owners and tenants benefit financially from solar energy[7].",,6578,requests,Yes
Formic,https://www.formic.co,"Offers automation solutions for food, beverage, chemical, and CPG companies, providing case packing and palletizing as a service with performance guarantees and 24/7 support[7].",,11475,requests,Yes
Optera,https://opteraclimate.com,"Delivers enterprise software to help organizations measure, manage, and reduce their greenhouse gas emissions and advance climate action[5][7].",twitter: https://www.box.com/about-us/esg,12776,requests,Yes
Safehub,https://www.safehub.io,Provides real-time situational awareness for buildings and supply chains using proprietary sensors and rapid alerts to assess the impact of events like earthquakes[3][7].,,5721,requests,Yes
Buzz Solutions,https://www.buzzsolutions.co,"Uses AI-based analytics and predictive insights to detect faults and inspect power lines, improving grid reliability and reducing wildfire risk[3][7].",,7914,requests,Yes
Rhumbix,https://www.rhumbix.com,"Offers a digital field data platform for construction, enabling better project tracking, compliance, and productivity through mobile-first solutions[3][7].",twitter: https://go.rhumbix.com/scheduledemo,10656,requests,Yes
Datch,https://www.datch.io,"Provides an AI-powered voice interface for industrial teams, allowing workers to capture and access operational data hands-free in real time[3][7].",,4529,requests,Yes
Aperia Technologies,https://aperiatech.com,"Develops automatic tire inflation systems and analytics for commercial vehicle fleets, improving safety, fuel efficiency, and tire life[3][7].",,8644,requests,Yes
CoFi,https://www.cofisoftware.com,"Offers a collaborative construction finance platform that streamlines payments and draws for contractors, owners, and lenders, increasing transparency and efficiency[3][7].","facebook: https://www.facebook.com/cofisoftware/, linkedin: https://www.linkedin.com/company/cofilending/, instagram: https://www.instagram.com/cofilending",5887,requests,Yes
Alpine IQ,https://www.alpineiq.com,"Broomfield-based software company specializing in customer data management and omnichannel consumer experience solutions, with over 16,000% revenue growth since 2020[1][3].",,3960,requests,Yes
The Luxe Room,https://www.theluxeroom.com,"Denver-based medical spa and laser clinic offering cosmetic injectables and aesthetic treatments, with over 5,000% revenue growth since 2020[1][3].",,91,playwright,Yes
InvitedHome,https://www.invitedhome.com,"Boulder-based travel and vacation rental management company, recognized for rapid growth and innovative property management solutions[2].",,1748,requests,Yes
Acoma Energy,https://www.acomaenergy.com,"Colorado-based energy company focused on oil and gas services, noted for nearly 5,000% growth over three years[2].",,0,requests,No
Skratch Labs,https://www.skratchlabs.com,"Boulder-based company producing sports nutrition products, including hydration mixes and energy bars, with significant revenue growth since 2020[2].","instagram: https://www.instagram.com/skratchlabs/?hl=en, youtube: https://www.youtube.com/user/SkratchLabs, facebook: https://www.facebook.com/skratchlabs/",11126,requests,Yes
The Nokbox,https://www.thenokbox.com,"Littleton-based company providing next-of-kin information kits to help families organize critical documents, with over 350% revenue growth[5].",twitter: https://www.thenokbox.com/collections/nokbox-kits/products/nokbox-naked,3567,requests,Yes
Caliola Engineering,https://www.caliola.com,"Colorado Springs-based provider of mission-critical communications solutions for defense and government, with 71% revenue growth[5].","linkedin: https://www.linkedin.com/company/caliola, facebook: https://www.facebook.com/people/Caliola-Engineering-LLC/100068614479860/",1759,playwright,Yes
ActivateWork,https://www.activatework.org,"Denver-based nonprofit offering technology boot camps and apprenticeships, with 110% revenue growth since 2020[5].",,4024,requests,Yes
Copper Door Coffee Roasters,https://www.copperdoorcoffee.com,"Denver-based specialty coffee roaster and café operator, with 50% revenue growth since 2020[5].",,0,requests,No
Karsh Hagan,https://www.karshhagan.com,"Denver-based marketing, branding, and digital agency, with 25% revenue growth since 2020[5].","instagram: https://www.instagram.com/karshhagan/, facebook: https://www.facebook.com/KarshHagan/, linkedin: https://www.linkedin.com/company/karshhagan",9522,requests,Yes
Verblio,https://www.verblio.com,Content creation marketplace platform; notable for rapid growth and innovative marketing technology[4].,,3989,requests,Yes
Silicon Mountain,https://www.siliconmtn.com,Specializes in digital solutions and DevSecOps as a service; demonstrated significant revenue growth in recent years[4].,,2788,requests,Yes
House of Revenue,https://www.houseofrevenue.com,Offers fractional CRO and CMO revenue consulting; experienced strong year-over-year growth[4].,,0,playwright,Yes
AppIt Ventures,https://www.appitventures.com,Custom software development firm; consistently growing and serving a diverse client base[4].,,10914,requests,Yes
Insight Designs Web Solutions,https://www.insightdesigns.com,Web and app development company with a long-standing presence and steady growth in Boulder[4].,"facebook: https://www.facebook.com/InsightDesigns, instagram: https://instagram.com/insightdesignsboulder/, linkedin: https://www.linkedin.com/company/insight-designs-web-solutions-llc, twitter: https://twitter.com/InsightDesigns, youtube: https://www.youtube.com/channel/UCcnZkG1T_mNRX8mTqczevbg",6827,requests,Yes
PeerSource Partners,https://www.mypeersource.com,IT-focused recruiting firm; privately held and showing stable performance[4].,,111,requests,No
LumenAstra,https://lumenastra.io,"Deep tech spin-off from CU Boulder developing advanced photonics solutions for medical and defense applications, currently raising a $5M seed round[3].",linkedin: https://www.linkedin.com/in/tom-meese-615ab35/,6030,requests,Yes
Josh.ai,https://www.josh.ai,"Develops AI-powered voice automation systems for smart homes, with recent funding rounds and private ownership[7][10].","twitter: https://twitter.com/joshdotai, facebook: https://www.facebook.com/joshdotai, instagram: https://www.instagram.com/joshdotai/",14326,requests,Yes
Orion,https://www.orion.com,"AI-powered risk intelligence platform for enterprises, recently secured $3.5M in funding and is still private[17].",,14993,requests,Yes
Valiu,https://www.valiu.com,"Fintech platform enabling international money transfers, recently funded and operating privately[7].",linkedin: https://www.linkedin.com/company/valiu-com/,5343,playwright,Yes
1. Helio Home,https://www.heliohome.io,"Simplifies the transition off fossil fuels by providing an online platform for whole-home electrification, focusing on renewable energy and solar solutions. Founded in 2021 and based in Denver[11].",,24,requests,No
2. Mom Juice,https://www.momjuice.com,"Innovates the wine industry with modern packaging and messaging, emphasizing ingredient transparency and catering to contemporary consumer needs. Founded in 2020 in Denver by Kristin Taylor and Macie ",,615,requests,Yes
3. Codiga,https://www.codiga.io,"Offers a coding assistant tool that helps developers find code snippets within their IDE, enhancing productivity for software engineers. Founded in 2019 in Denver by Julien Delange[11].",,4035,requests,Yes
7. Deepwatch,https://www.deepwatch.com,"Delivers managed security services to enterprises, specializing in cybersecurity and threat detection. Founded in 2019 and headquartered in Colorado[7].",,6799,requests,Yes
9. Biofire,https://www.biofiretech.com,"Develops biometric firearm technology to enhance gun safety, offering smart guns that only authorized users can fire. Based in Colorado[5].",,0,requests,No
10. Maxwell,https://www.himaxwell.com,"Provides a digital mortgage platform that streamlines loan processing for lenders, improving efficiency and borrower experience. Headquartered in Denver, Colorado[5].",,13246,requests,Yes
5. Sierra Space,https://sierraspace.com,"A commercial space company focused on building the next generation of space transportation and habitats, with significant technical leadership and rapid growth[6][9].",,2790,requests,Yes
6. Quantinuum,https://quantinuum.com,"A quantum computing company formed from the merger of Honeywell Quantum Solutions and Cambridge Quantum, headquartered in Colorado and led by technical founders[6][9].","twitter: https://x.com/QuantinuumQC, linkedin: https://www.linkedin.com/company/quantinuumqc/, youtube: https://www.youtube.com/@QuantinuumQC",19624,requests,Yes
8. Stack Infrastructure,https://stackinfra.com,"Provides data center solutions and infrastructure, founded by Brian Cox and recognized as a high-growth Colorado tech company[14][16].",,4801,requests,Yes
9. Cologix,https://cologix.com,A data center and interconnection solutions provider with a strong technical founding team and significant growth in Colorado[9][6].,"twitter: https://cologix.com/privacy-policy/, facebook: https://www.facebook.com/Cologix/, linkedin: https://www.linkedin.com/company/cologix-inc/",18737,requests,Yes
10. Elevate Quantum,https://elevatequantum.com,"An innovation hub and accelerator supporting quantum technology startups, with technical founders and a rapidly expanding presence in Colorado’s deep tech ecosystem[7].",,18,playwright,Yes
8. Automox,https://www.automox.com,"Delivers cloud-native IT operations and endpoint management solutions; headquartered in Boulder, Colorado, with significant venture backing[3][7][15].","twitter: https://twitter.com/automox?lang=en, facebook: https://www.facebook.com/automox/, instagram: https://www.instagram.com/patchautomox, linkedin: https://www.linkedin.com/company/automox/, youtube: https://www.youtube.com/c/Automox",13084,requests,Yes
10. Sonder,https://www.sonder.com,Hospitality company offering short-term rentals and hotel alternatives; has a major presence in Denver and has raised hundreds of millions in funding[3][7][15].,,2933,requests,Yes
Tilled,https://www.tilled.com,"Provides a B2B SaaS platform that enables software companies to monetize payments through PayFac-as-a-Service, backed by VC funding[8][1].",youtube: https://www.youtube.com/@tilled6267,5096,requests,Yes
TurboTenant,https://www.turbotenant.com,"Offers a SaaS platform for landlords to manage rental properties, screen tenants, and collect rent online; VC-funded and B2B-focused[8][1].",,33916,requests,Yes
Evolve,https://www.evolve.com,"Provides a SaaS platform for vacation rental management, serving property owners and managers (B2B); VC-backed[1][8].",,19970,requests,Yes
WorkBright,https://workbright.com,Provides a SaaS onboarding platform for HR teams to automate new hire paperwork and compliance; B2B and VC-funded[1][8].,,9415,requests,Yes
1. Ezra Climate,https://ezraclimatetech.com,"Builds climate fintech companies and platforms, focusing on financial solutions for climate-related challenges. Founded in 2020[3].",,0,requests,No
2. Truck Desk,https://truckdesk.com,"Provides Compliance-as-a-Service for the trucking industry, helping companies manage regulatory and financial compliance. Founded in 2021[3].","facebook: https://www.facebook.com/groups/1542324299450208, twitter: https://twitter.com/TruckDesk, instagram: https://www.instagram.com/truck.desk/",546,requests,Yes
3. Outside VC,https://outside-vc.com,"Early-stage venture capital firm and fintech platform based in Denver, offering investment opportunities and financial products. Founded in 2022[2].",,6849,requests,Yes
"4. Decision.ai, Inc.",https://decision.ai,"Golden, Colorado-based fintech startup using AI for financial decision-making and analytics. Founded in 2020[5].",,3207,playwright,Yes
3. RxRevu (now Arrive Health),https://arrivehealth.com,"Denver-based digital health company providing real-time prescription decision support, secured Series A funding in 2019[17].","linkedin: https://www.linkedin.com/company/arrivehealth, twitter: https://twitter.com/ArriveHealth",5815,requests,Yes
4. Althea,https://www.altheahealth.com,"Colorado health tech startup focused on improving healthcare delivery, recently funded (Seed round, but closely adjacent to Series A)[1].",,0,requests,No
6. DifferentKind,https://www.differentkind.com,"Colorado health tech company focused on mental health solutions, recently funded (Series Unknown, but in the healthcare tech sector)[1].","twitter: https://twitter.com/imdifferentkind, instagram: https://www.instagram.com/imdifferentkind/, linkedin: https://www.linkedin.com/company/differentkind",9476,requests,Yes
7. Posterity Health,https://www.posterityhealth.com,"Colorado-based digital health platform for male fertility, recently raised a Seed round but is a notable healthcare tech startup[1].",,6582,requests,Yes
8. In-House Health,https://www.inhouse.health,"Colorado startup providing healthcare solutions for employers, recently raised a Seed round[1].","twitter: https://x.com/InHouse_Health, instagram: https://www.instagram.com/inhouse_health/, linkedin: http://www.linkedin.com/company/in-house-health",10101,requests,Yes
Nira Energy,https://niraenergy.com,Nira Energy provides advanced battery analytics and management systems to optimize energy storage and improve grid sustainability.,,27044,requests,Yes
Carbon America,https://carbonamerica.com,Carbon America focuses on carbon capture and sequestration technologies to help industries reduce their carbon footprint.,,1864,requests,Yes
Matereal,https://matereal.com,Matereal creates sustainable building materials using recycled and bio-based resources to lower construction emissions.,,478,playwright,Yes
Silvis Materials,https://silvismaterials.com,"Silvis Materials develops innovative, low-carbon materials for the construction industry, emphasizing circular economy principles.",,10092,requests,Yes
Invenergy,https://invenergy.com,"Invenergy is a global leader in sustainable energy solutions, developing and operating wind, solar, and energy storage projects.",,7950,requests,Yes
Living Ink Technologies,https://livingink.tech,"Living Ink Technologies produces sustainable, algae-based inks and pigments for the printing and packaging industries.",,0,requests,No
GridCure,https://gridcure.com,GridCure offers AI-powered grid optimization solutions to enhance the reliability and efficiency of renewable energy integration.,,0,requests,No
Thunderbird Solar,https://thunderbirdsolar.com,"Thunderbird Solar specializes in solar energy solutions for commercial and industrial customers, promoting clean energy adoption.",,631,requests,Yes
Halter,https://halter.co,Halter uses IoT and data analytics to improve livestock management and reduce the environmental impact of agriculture.,"facebook: https://www.facebook.com/atomdotcom, twitter: https://x.com/atomhq, instagram: https://www.instagram.com/workwithatom/, linkedin: https://www.linkedin.com/company/atomdotcom/, youtube: https://www.youtube.com/@atomdotcom",13456,requests,Yes
3. Pathify,https://pathify.com,"Delivers a modern engagement platform for higher education institutions, enabling improved digital campus experiences and communication[1][5].",youtube: https://www.youtube.com/watch?v=7lW0qYhfP_4,2872,requests,Yes
4. FusionAuth,https://fusionauth.io,"Offers developer-focused authentication and authorization solutions, including multifactor authentication and user management for enterprise applications[1][3][5].","youtube: https://www.youtube.com/c/FusionAuth/, twitter: https://x.com/fusionauth, linkedin: https://www.linkedin.com/company/fusionauth/",13792,requests,Yes
6. Wavelynx,https://wavelynxtech.com,"Specializes in secure access control hardware and software for enterprise environments, supporting modern identity and security needs[1][5].",,2116,requests,Yes
7. BillingPlatform,https://billingplatform.com,"Provides cloud-based billing and revenue management software for enterprises, supporting complex billing models and automation[1][3][5].",,14570,requests,Yes
10. EverCommerce,https://www.evercommerce.com,"Offers a suite of vertical SaaS solutions for service-based businesses, supporting operations, marketing, and customer retention for enterprises[16].",,4178,requests,Yes
8. Nimble Gravity,https://nimblegravity.com,"Offers data science, AI, and digital transformation consulting for e-commerce and enterprise clients. Based in Denver, Colorado[2].",,10578,requests,Yes
9. Cloutel,https://cloutel.com,"Minority-owned technology company delivering AI & ML, cybersecurity, and IT services for healthcare, telecom, and finance sectors. Based in Centennial, Colorado[4].",,0,requests,No
10. Never Ever Ordinary,https://nevereverordinary.com,"Provides AI-driven data analytics and growth strategies for businesses, focusing on intentional data and intelligent growth. Based in Parker, Colorado[4].",,2043,requests,Yes
True Anomaly,https://trueanomaly.com,Develops space security and satellite technology; received significant Series A investment in 2023[5].,,93,requests,No
Cowboy Clean Fuels,https://cowboycleanfuels.com,Commercializes renewable natural gas production by converting agricultural waste; secured $13 million in Series B funding in July 2024[5].,,8608,requests,Yes
7. TiLT,https://www.tilt.com,Offers leave of absence management software to streamline compliance and employee experience for HR teams[1].,,5111,requests,Yes
2. Affineon Health,https://www.affineonhealth.com,"HealthTech startup focused on administrative healthcare services, raised $5M in Seed funding[3].",,10295,requests,Yes
3. Western Microsurgical,https://www.wmicrosurgical.com,"Medical device company specializing in microsurgical instruments and solutions, recently funded (amount undisclosed)[3].",,0,requests,No
5. Gryphon Digital Mining,https://gryphondigitalmining.com,"Cryptocurrency mining company focused on sustainable mining practices, raised $2.9M in recent funding[3].",,9804,requests,Yes
6. Pioneer Energy,https://www.pioneerenergy.com,"Energy technology company developing modular processing systems for oil and gas, raised $27M in recent funding[3].",,14656,requests,Yes
"8. Lifeloc Technologies, Inc.",https://www.lifeloc.com,"Manufacturer of breath alcohol testing equipment and related health technologies, recently raised $750K[3].",,7992,requests,Yes
9. Electra,https://www.electra.co,"Energy company focused on decarbonizing industrial processes, raised $180.4M in recent funding[3].",,0,requests,No
Stout Street Capital,https://www.stoutstreetcapital.com,"Denver-based venture capital firm investing in early-stage technology companies, with a focus on scalable, high-growth startups[15].","linkedin: https://www.linkedin.com/company/stout-street-capital, twitter: https://twitter.com/StoutStreetVC",9705,requests,Yes
